Truck_Id,Truck_Name,Truck_Code,Auto_Since,Driver_ID_Human,Driver_ID_Auto,Location_Id,Model,Manufacturer,Purchase Price (mill AUD),Service Life (1000 kms),Max payload (tonnes),Gross Weight (tonnes),Unloaded Weight (tonnes),Max_Speed (km/hr),Engine,Fuel Tank (l),Fuel_Burn_Loaded_Poor_Surface (l/hr),Fuel_Burn_Unloaded_Poor_Surface (l/hr),Fuel_Burn_Loaded_Standard_Surface (l/hr),Fuel_Burn_Unloaded_Standard_Surface (l/hr),Fuel_Burn_Idle (l/hr),Tire Size,Tire Cost (1000AUD),Tire Quantity,Tire_Life_Poor_Surface (1000kms),Tire_Life_Standard_Surface (1000kms),Service_Type_1_Cost_Parts,Service_Type_1_Cost_Labour,Service_Type_1_Cost_Time,Service_Type_1_kms,Service_Type_2_Cost_Parts,Service_Type_2_Cost_Labour,Service_Type_2_Cost_Time,Service_Type_2_kms,Service_Type_3_Cost_Parts,Service_Type_3_Cost_Labour,Service_Type_3_Cost_Time,Service_Type_3_kms
1,Big_Truck_1,KNDKJHW,Not Yet,110,Not Yet,3,T284,Liebherr,5.1,600,360,600,237,64,MTU 20V4000 C23,5350,250,135,210,105,68,59/80R63,60,6,30,40,1500,1600,8,1000,4500,4000,20,10000,13500,10000,50,50000
2,Big_Truck_2,EHVVUGE,Not Yet,25,Not Yet,2,980E,Komatsu,5.2,600,370,625,256,61,Komatsu SSDA18V170,5300,270,145,230,115,72,59/80R63,60,6,30,40,1500,1600,8,1000,4500,4000,20,10000,13500,10000,50,50000
3,Big_Truck_3,PIBHGWU,Not Yet,99,Not Yet,1,980E,Komatsu,5.2,600,370,625,256,61,Komatsu SSDA18V170,5300,270,145,230,115,72,59/80R63,60,6,30,40,1500,1600,8,1000,4500,4000,20,10000,13500,10000,50,50000
4,Big_Truck_4,TXCVSTK,01-Mar-17,148,250,3,797F,Caterpillar,5,600,360,624,368,67,Cat C175-20,3785,260,140,220,110,70,59/80R63,60,6,30,40,1500,1600,8,1000,4500,4000,20,10000,13500,10000,50,50000
5,Big_Truck_5,MUSIKEW,26-Jun-13,12,164,4,T284,Liebherr,5.1,600,360,600,237,64,MTU 20V4000 C23,5350,250,135,210,105,68,59/80R63,60,6,30,40,1500,1600,8,1000,4500,4000,20,10000,13500,10000,50,50000
6,Big_Truck_6,YTMGFLM,04-Jan-15,66,188,3,797F,Caterpillar,5,600,360,624,368,67,Cat C175-20,3785,260,140,220,110,70,59/80R63,60,6,30,40,1500,1600,8,1000,4500,4000,20,10000,13500,10000,50,50000
7,Big_Truck_7,MVARHGC,Not Yet,18,Not Yet,3,797F,Caterpillar,5,600,360,624,368,67,Cat C175-20,3785,260,140,220,110,70,59/80R63,60,6,30,40,1500,1600,8,1000,4500,4000,20,10000,13500,10000,50,50000
8,Big_Truck_8,XGYSTKJ,23-Dec-15,49,245,2,797F,Caterpillar,5,600,360,624,368,67,Cat C175-20,3785,260,140,220,110,70,59/80R63,60,6,30,40,1500,1600,8,1000,4500,4000,20,10000,13500,10000,50,50000
9,Big_Truck_9,CIVGJAK,05-May-14,85,180,2,T284,Liebherr,5.1,600,360,600,237,64,MTU 20V4000 C23,5350,250,135,210,105,68,59/80R63,60,6,30,40,1500,1600,8,1000,4500,4000,20,10000,13500,10000,50,50000
10,Big_Truck_10,KJLYXVB,Not Yet,37,Not Yet,4,T284,Liebherr,5.1,600,360,600,237,64,MTU 20V4000 C23,5350,250,135,210,105,68,59/80R63,60,6,30,40,1500,1600,8,1000,4500,4000,20,10000,13500,10000,50,50000
11,Big_Truck_11,NVPCWLV,02-Nov-16,62,176,3,T284,Liebherr,5.1,600,360,600,237,64,MTU 20V4000 C23,5350,250,135,210,105,68,59/80R63,60,6,30,40,1500,1600,8,1000,4500,4000,20,10000,13500,10000,50,50000
12,Big_Truck_12,MTPRUHT,Not Yet,55,Not Yet,2,T284,Liebherr,5.1,600,360,600,237,64,MTU 20V4000 C23,5350,250,135,210,105,68,59/80R63,60,6,30,40,1500,1600,8,1000,4500,4000,20,10000,13500,10000,50,50000
13,Big_Truck_13,MQURHCR,11-Oct-16,115,205,1,T284,Liebherr,5.1,600,360,600,237,64,MTU 20V4000 C23,5350,250,135,210,105,68,59/80R63,60,6,30,40,1500,1600,8,1000,4500,4000,20,10000,13500,10000,50,50000
14,Big_Truck_14,UQMDVXM,31-May-12,21,162,1,980E,Komatsu,5.2,600,370,625,256,61,Komatsu SSDA18V170,5300,270,145,230,115,72,59/80R63,60,6,30,40,1500,1600,8,1000,4500,4000,20,10000,13500,10000,50,50000
15,Big_Truck_15,IWRPLLX,25-Jan-18,44,244,1,980E,Komatsu,5.2,600,370,625,256,61,Komatsu SSDA18V170,5300,270,145,230,115,72,59/80R63,60,6,30,40,1500,1600,8,1000,4500,4000,20,10000,13500,10000,50,50000
16,Big_Truck_16,DESLTSO,08-Apr-16,105,247,2,T284,Liebherr,5.1,600,360,600,237,64,MTU 20V4000 C23,5350,250,135,210,105,68,59/80R63,60,6,30,40,1500,1600,8,1000,4500,4000,20,10000,13500,10000,50,50000
17,Big_Truck_17,VPSHEXA,Not Yet,92,Not Yet,4,T284,Liebherr,5.1,600,360,600,237,64,MTU 20V4000 C23,5350,250,135,210,105,68,59/80R63,60,6,30,40,1500,1600,8,1000,4500,4000,20,10000,13500,10000,50,50000
18,Big_Truck_18,WDIKEVE,07-Dec-16,15,210,2,797F,Caterpillar,5,600,360,624,368,67,Cat C175-20,3785,260,140,220,110,70,59/80R63,60,6,30,40,1500,1600,8,1000,4500,4000,20,10000,13500,10000,50,50000
19,Big_Truck_19,MLBRFIF,11-Nov-16,127,237,3,T284,Liebherr,5.1,600,360,600,237,64,MTU 20V4000 C23,5350,250,135,210,105,68,59/80R63,60,6,30,40,1500,1600,8,1000,4500,4000,20,10000,13500,10000,50,50000
20,Big_Truck_20,RWIQTTE,Not Yet,140,Not Yet,3,797F,Caterpillar,5,600,360,624,368,67,Cat C175-20,3785,260,140,220,110,70,59/80R63,60,6,30,40,1500,1600,8,1000,4500,4000,20,10000,13500,10000,50,50000
21,Big_Truck_21,RNQIRMO,01-Nov-16,153,243,3,980E,Komatsu,5.2,600,370,625,256,61,Komatsu SSDA18V170,5300,270,145,230,115,72,59/80R63,60,6,30,40,1500,1600,8,1000,4500,4000,20,10000,13500,10000,50,50000
22,Big_Truck_22,JVBGLPC,Not Yet,5,Not Yet,2,T284,Liebherr,5.1,600,360,600,237,64,MTU 20V4000 C23,5350,250,135,210,105,68,59/80R63,60,6,30,40,1500,1600,8,1000,4500,4000,20,10000,13500,10000,50,50000
23,Big_Truck_23,XFQOTCB,21-Jan-18,60,189,3,T284,Liebherr,5.1,600,360,600,237,64,MTU 20V4000 C23,5350,250,135,210,105,68,59/80R63,60,6,30,40,1500,1600,8,1000,4500,4000,20,10000,13500,10000,50,50000
24,Big_Truck_24,EYLXRRU,Not Yet,151,Not Yet,2,797F,Caterpillar,5,600,360,624,368,67,Cat C175-20,3785,260,140,220,110,70,59/80R63,60,6,30,40,1500,1600,8,1000,4500,4000,20,10000,13500,10000,50,50000
25,Big_Truck_25,JWOCJFK,30-Nov-12,28,204,4,T284,Liebherr,5.1,600,360,600,237,64,MTU 20V4000 C23,5350,250,135,210,105,68,59/80R63,60,6,30,40,1500,1600,8,1000,4500,4000,20,10000,13500,10000,50,50000
26,Big_Truck_26,MOHTXDR,Not Yet,131,Not Yet,3,797F,Caterpillar,5,600,360,624,368,67,Cat C175-20,3785,260,140,220,110,70,59/80R63,60,6,30,40,1500,1600,8,1000,4500,4000,20,10000,13500,10000,50,50000
27,Big_Truck_27,RJKAEXT,04-Dec-16,8,232,2,797F,Caterpillar,5,600,360,624,368,67,Cat C175-20,3785,260,140,220,110,70,59/80R63,60,6,30,40,1500,1600,8,1000,4500,4000,20,10000,13500,10000,50,50000
28,Big_Truck_28,OLRKVMV,Not Yet,31,Not Yet,2,797F,Caterpillar,5,600,360,624,368,67,Cat C175-20,3785,260,140,220,110,70,59/80R63,60,6,30,40,1500,1600,8,1000,4500,4000,20,10000,13500,10000,50,50000
29,Big_Truck_29,NJTBISE,Not Yet,74,Not Yet,2,797F,Caterpillar,5,600,360,624,368,67,Cat C175-20,3785,260,140,220,110,70,59/80R63,60,6,30,40,1500,1600,8,1000,4500,4000,20,10000,13500,10000,50,50000
30,Big_Truck_30,DEXNVAF,30-Oct-15,138,231,2,797F,Caterpillar,5,600,360,624,368,67,Cat C175-20,3785,260,140,220,110,70,59/80R63,60,6,30,40,1500,1600,8,1000,4500,4000,20,10000,13500,10000,50,50000
31,Big_Truck_31,JGFUVDM,Not Yet,123,Not Yet,3,980E,Komatsu,5.2,600,370,625,256,61,Komatsu SSDA18V170,5300,270,145,230,115,72,59/80R63,60,6,30,40,1500,1600,8,1000,4500,4000,20,10000,13500,10000,50,50000
32,Big_Truck_32,DPVGYTQ,Not Yet,80,Not Yet,3,T284,Liebherr,5.1,600,360,600,237,64,MTU 20V4000 C23,5350,250,135,210,105,68,59/80R63,60,6,30,40,1500,1600,8,1000,4500,4000,20,10000,13500,10000,50,50000
33,Big_Truck_33,RCFIMLL,19-Feb-14,90,228,1,T284,Liebherr,5.1,600,360,600,237,64,MTU 20V4000 C23,5350,250,135,210,105,68,59/80R63,60,6,30,40,1500,1600,8,1000,4500,4000,20,10000,13500,10000,50,50000
34,Big_Truck_34,MEXJNDT,14-Jun-13,23,173,1,T284,Liebherr,5.1,600,360,600,237,64,MTU 20V4000 C23,5350,250,135,210,105,68,59/80R63,60,6,30,40,1500,1600,8,1000,4500,4000,20,10000,13500,10000,50,50000
35,Big_Truck_35,NVJHYGU,Not Yet,84,Not Yet,1,797F,Caterpillar,5,600,360,624,368,67,Cat C175-20,3785,260,140,220,110,70,59/80R63,60,6,30,40,1500,1600,8,1000,4500,4000,20,10000,13500,10000,50,50000
36,Big_Truck_36,FFREGUD,10-Apr-15,146,224,3,980E,Komatsu,5.2,600,370,625,256,61,Komatsu SSDA18V170,5300,270,145,230,115,72,59/80R63,60,6,30,40,1500,1600,8,1000,4500,4000,20,10000,13500,10000,50,50000
37,Big_Truck_37,LQABYWA,07-Oct-14,150,206,1,797F,Caterpillar,5,600,360,624,368,67,Cat C175-20,3785,260,140,220,110,70,59/80R63,60,6,30,40,1500,1600,8,1000,4500,4000,20,10000,13500,10000,50,50000
38,Big_Truck_38,VLPVJRG,07-Dec-16,59,209,1,797F,Caterpillar,5,600,360,624,368,67,Cat C175-20,3785,260,140,220,110,70,59/80R63,60,6,30,40,1500,1600,8,1000,4500,4000,20,10000,13500,10000,50,50000
39,Big_Truck_39,RBMBUOP,26-Nov-17,22,166,1,980E,Komatsu,5.2,600,370,625,256,61,Komatsu SSDA18V170,5300,270,145,230,115,72,59/80R63,60,6,30,40,1500,1600,8,1000,4500,4000,20,10000,13500,10000,50,50000
40,Big_Truck_40,FLXHNMM,28-Aug-12,118,183,2,T284,Liebherr,5.1,600,360,600,237,64,MTU 20V4000 C23,5350,250,135,210,105,68,59/80R63,60,6,30,40,1500,1600,8,1000,4500,4000,20,10000,13500,10000,50,50000
41,Big_Truck_41,VIEDFQU,Not Yet,41,Not Yet,1,980E,Komatsu,5.2,600,370,625,256,61,Komatsu SSDA18V170,5300,270,145,230,115,72,59/80R63,60,6,30,40,1500,1600,8,1000,4500,4000,20,10000,13500,10000,50,50000
42,Big_Truck_42,TUJEREU,11-Jun-14,81,203,1,980E,Komatsu,5.2,600,370,625,256,61,Komatsu SSDA18V170,5300,270,145,230,115,72,59/80R63,60,6,30,40,1500,1600,8,1000,4500,4000,20,10000,13500,10000,50,50000
43,Big_Truck_43,RKUSWTL,04-May-14,67,208,2,980E,Komatsu,5.2,600,370,625,256,61,Komatsu SSDA18V170,5300,270,145,230,115,72,59/80R63,60,6,30,40,1500,1600,8,1000,4500,4000,20,10000,13500,10000,50,50000
44,Big_Truck_44,EYKXGBT,25-Nov-12,100,165,1,980E,Komatsu,5.2,600,370,625,256,61,Komatsu SSDA18V170,5300,270,145,230,115,72,59/80R63,60,6,30,40,1500,1600,8,1000,4500,4000,20,10000,13500,10000,50,50000
45,Big_Truck_45,EBSLBQQ,19-Oct-13,64,221,2,980E,Komatsu,5.2,600,370,625,256,61,Komatsu SSDA18V170,5300,270,145,230,115,72,59/80R63,60,6,30,40,1500,1600,8,1000,4500,4000,20,10000,13500,10000,50,50000
46,Big_Truck_46,YVNBENV,16-Oct-17,16,258,3,T284,Liebherr,5.1,600,360,600,237,64,MTU 20V4000 C23,5350,250,135,210,105,68,59/80R63,60,6,30,40,1500,1600,8,1000,4500,4000,20,10000,13500,10000,50,50000
47,Big_Truck_47,JQJIDVC,15-Nov-12,152,260,2,T284,Liebherr,5.1,600,360,600,237,64,MTU 20V4000 C23,5350,250,135,210,105,68,59/80R63,60,6,30,40,1500,1600,8,1000,4500,4000,20,10000,13500,10000,50,50000
48,Big_Truck_48,BSGRHEO,12-Jul-12,43,223,2,797F,Caterpillar,5,600,360,624,368,67,Cat C175-20,3785,260,140,220,110,70,59/80R63,60,6,30,40,1500,1600,8,1000,4500,4000,20,10000,13500,10000,50,50000
49,Big_Truck_49,GURGLNV,06-Oct-13,51,178,3,797F,Caterpillar,5,600,360,624,368,67,Cat C175-20,3785,260,140,220,110,70,59/80R63,60,6,30,40,1500,1600,8,1000,4500,4000,20,10000,13500,10000,50,50000
50,Big_Truck_50,SRECHVE,Not Yet,61,Not Yet,2,980E,Komatsu,5.2,600,370,625,256,61,Komatsu SSDA18V170,5300,270,145,230,115,72,59/80R63,60,6,30,40,1500,1600,8,1000,4500,4000,20,10000,13500,10000,50,50000
51,Big_Truck_51,RWXXYDH,Not Yet,9,Not Yet,3,T284,Liebherr,5.1,600,360,600,237,64,MTU 20V4000 C23,5350,250,135,210,105,68,59/80R63,60,6,30,40,1500,1600,8,1000,4500,4000,20,10000,13500,10000,50,50000
52,Big_Truck_52,QANNOVR,11-Dec-12,39,217,2,797F,Caterpillar,5,600,360,624,368,67,Cat C175-20,3785,260,140,220,110,70,59/80R63,60,6,30,40,1500,1600,8,1000,4500,4000,20,10000,13500,10000,50,50000
53,Big_Truck_53,IPQBSTK,02-Feb-14,106,249,1,980E,Komatsu,5.2,600,370,625,256,61,Komatsu SSDA18V170,5300,270,145,230,115,72,59/80R63,60,6,30,40,1500,1600,8,1000,4500,4000,20,10000,13500,10000,50,50000
54,Big_Truck_54,OHGVDWM,Not Yet,143,Not Yet,4,797F,Caterpillar,5,600,360,624,368,67,Cat C175-20,3785,260,140,220,110,70,59/80R63,60,6,30,40,1500,1600,8,1000,4500,4000,20,10000,13500,10000,50,50000
55,Big_Truck_55,REOLIIC,22-Jan-14,34,212,4,980E,Komatsu,5.2,600,370,625,256,61,Komatsu SSDA18V170,5300,270,145,230,115,72,59/80R63,60,6,30,40,1500,1600,8,1000,4500,4000,20,10000,13500,10000,50,50000
56,Big_Truck_57,MLLQVRN,Not Yet,83,Not Yet,1,T284,Liebherr,5.1,600,360,600,237,64,MTU 20V4000 C23,5350,250,135,210,105,68,59/80R63,60,6,30,40,1500,1600,8,1000,4500,4000,20,10000,13500,10000,50,50000
57,Big_Truck_58,ISXXXKJ,15-Dec-14,157,184,2,T284,Liebherr,5.1,600,360,600,237,64,MTU 20V4000 C23,5350,250,135,210,105,68,59/80R63,60,6,30,40,1500,1600,8,1000,4500,4000,20,10000,13500,10000,50,50000
58,Big_Truck_59,XWWKNLU,Not Yet,72,Not Yet,2,T284,Liebherr,5.1,600,360,600,237,64,MTU 20V4000 C23,5350,250,135,210,105,68,59/80R63,60,6,30,40,1500,1600,8,1000,4500,4000,20,10000,13500,10000,50,50000
59,Big_Truck_60,PLRCKCH,29-Aug-17,7,216,3,980E,Komatsu,5.2,600,370,625,256,61,Komatsu SSDA18V170,5300,270,145,230,115,72,59/80R63,60,6,30,40,1500,1600,8,1000,4500,4000,20,10000,13500,10000,50,50000
60,Big_Truck_61,JRGFLGF,Not Yet,104,Not Yet,1,980E,Komatsu,5.2,600,370,625,256,61,Komatsu SSDA18V170,5300,270,145,230,115,72,59/80R63,60,6,30,40,1500,1600,8,1000,4500,4000,20,10000,13500,10000,50,50000
61,Big_Truck_62,ETLWGER,22-Sep-15,113,242,3,797F,Caterpillar,5,600,360,624,368,67,Cat C175-20,3785,260,140,220,110,70,59/80R63,60,6,30,40,1500,1600,8,1000,4500,4000,20,10000,13500,10000,50,50000
62,Big_Truck_63,ASEEHCE,12-Jul-13,130,200,3,797F,Caterpillar,5,600,360,624,368,67,Cat C175-20,3785,260,140,220,110,70,59/80R63,60,6,30,40,1500,1600,8,1000,4500,4000,20,10000,13500,10000,50,50000
63,Big_Truck_64,BJUNSYJ,Not Yet,142,Not Yet,4,797F,Caterpillar,5,600,360,624,368,67,Cat C175-20,3785,260,140,220,110,70,59/80R63,60,6,30,40,1500,1600,8,1000,4500,4000,20,10000,13500,10000,50,50000
180,Med_Truck_1,DWMGIQP,Not Yet,33,Not Yet,4,794AC,Caterpillar,3.7,600,230,390,170,60,Cat C175-16,2840,220,110,150,80,50,50/80R57,40,6,30,40,600,1200,6,1000,1800,3000,15,10000,5400,7400,37,50000
181,Med_Truck_2,MNIJPQU,05-Jul-12,155,197,2,T264,Liebherr,3.75,600,220,400,174,64,MTU 16V4000 C23R,3100,212,106,145,77,48,46/90R57,35,6,30,40,600,1200,6,1000,1800,3000,15,10000,5400,7400,37,50000
182,Med_Truck_3,XKMUWKE,Not Yet,1,Not Yet,3,T264,Liebherr,3.75,600,220,400,174,64,MTU 16V4000 C23R,3100,212,106,145,77,48,46/90R57,35,6,30,40,600,1200,6,1000,1800,3000,15,10000,5400,7400,37,50000
183,Med_Truck_4,PWIAXUT,20-Aug-15,121,246,4,860E,Komatsu,3.8,600,250,454,200,64,Komatsu SSDA16V160,4542,227,114,156,84,52,50/80R57,40,6,30,40,600,1200,6,1000,1800,3000,15,10000,5400,7400,37,50000
184,Med_Truck_5,WFTWALN,Not Yet,75,Not Yet,4,794AC,Caterpillar,3.7,600,230,390,170,60,Cat C175-16,2840,220,110,150,80,50,50/80R57,40,6,30,40,600,1200,6,1000,1800,3000,15,10000,5400,7400,37,50000
185,Med_Truck_6,LURLFWN,Not Yet,38,Not Yet,2,794AC,Caterpillar,3.7,600,230,390,170,60,Cat C175-16,2840,220,110,150,80,50,50/80R57,40,6,30,40,600,1200,6,1000,1800,3000,15,10000,5400,7400,37,50000
186,Med_Truck_7,AUNUPPC,16-Feb-16,108,234,1,T264,Liebherr,3.75,600,220,400,174,64,MTU 16V4000 C23R,3100,212,106,145,77,48,46/90R57,35,6,30,40,600,1200,6,1000,1800,3000,15,10000,5400,7400,37,50000
187,Med_Truck_8,VLQCGFX,Not Yet,136,Not Yet,2,860E,Komatsu,3.8,600,250,454,200,64,Komatsu SSDA16V160,4542,227,114,156,84,52,50/80R57,40,6,30,40,600,1200,6,1000,1800,3000,15,10000,5400,7400,37,50000
188,Med_Truck_9,WRXMLJM,17-Mar-13,76,262,3,860E,Komatsu,3.8,600,250,454,200,64,Komatsu SSDA16V160,4542,227,114,156,84,52,50/80R57,40,6,30,40,600,1200,6,1000,1800,3000,15,10000,5400,7400,37,50000
189,Med_Truck_10,VBSQKCX,Not Yet,82,Not Yet,2,T264,Liebherr,3.75,600,220,400,174,64,MTU 16V4000 C23R,3100,212,106,145,77,48,46/90R57,35,6,30,40,600,1200,6,1000,1800,3000,15,10000,5400,7400,37,50000
190,Med_Truck_11,TEGLTIP,04-Jun-14,102,229,4,860E,Komatsu,3.8,600,250,454,200,64,Komatsu SSDA16V160,4542,227,114,156,84,52,50/80R57,40,6,30,40,600,1200,6,1000,1800,3000,15,10000,5400,7400,37,50000
191,Med_Truck_12,QROIJNB,Not Yet,107,Not Yet,4,860E,Komatsu,3.8,600,250,454,200,64,Komatsu SSDA16V160,4542,227,114,156,84,52,50/80R57,40,6,30,40,600,1200,6,1000,1800,3000,15,10000,5400,7400,37,50000
192,Med_Truck_13,BXAJYHE,24-Apr-17,79,254,1,860E,Komatsu,3.8,600,250,454,200,64,Komatsu SSDA16V160,4542,227,114,156,84,52,50/80R57,40,6,30,40,600,1200,6,1000,1800,3000,15,10000,5400,7400,37,50000
193,Med_Truck_14,OFLXETX,06-Oct-16,27,215,1,T264,Liebherr,3.75,600,220,400,174,64,MTU 16V4000 C23R,3100,212,106,145,77,48,46/90R57,35,6,30,40,600,1200,6,1000,1800,3000,15,10000,5400,7400,37,50000
194,Med_Truck_15,GMDDOQC,12-Oct-12,134,186,3,860E,Komatsu,3.8,600,250,454,200,64,Komatsu SSDA16V160,4542,227,114,156,84,52,50/80R57,40,6,30,40,600,1200,6,1000,1800,3000,15,10000,5400,7400,37,50000
195,Med_Truck_16,KCWVJAU,26-Aug-15,117,163,3,794AC,Caterpillar,3.7,600,230,390,170,60,Cat C175-16,2840,220,110,150,80,50,50/80R57,40,6,30,40,600,1200,6,1000,1800,3000,15,10000,5400,7400,37,50000
196,Med_Truck_17,UWAMOHW,09-Jul-14,69,177,3,T264,Liebherr,3.75,600,220,400,174,64,MTU 16V4000 C23R,3100,212,106,145,77,48,46/90R57,35,6,30,40,600,1200,6,1000,1800,3000,15,10000,5400,7400,37,50000
197,Med_Truck_18,BCHDMKU,26-Aug-16,29,225,1,794AC,Caterpillar,3.7,600,230,390,170,60,Cat C175-16,2840,220,110,150,80,50,50/80R57,40,6,30,40,600,1200,6,1000,1800,3000,15,10000,5400,7400,37,50000
198,Med_Truck_19,FIIFIGC,12-Mar-18,19,233,1,860E,Komatsu,3.8,600,250,454,200,64,Komatsu SSDA16V160,4542,227,114,156,84,52,50/80R57,40,6,30,40,600,1200,6,1000,1800,3000,15,10000,5400,7400,37,50000
199,Med_Truck_20,EDSLRER,28-Dec-16,109,240,3,794AC,Caterpillar,3.7,600,230,390,170,60,Cat C175-16,2840,220,110,150,80,50,50/80R57,40,6,30,40,600,1200,6,1000,1800,3000,15,10000,5400,7400,37,50000
200,Med_Truck_21,WJKWDWR,14-Jan-18,36,201,3,860E,Komatsu,3.8,600,250,454,200,64,Komatsu SSDA16V160,4542,227,114,156,84,52,50/80R57,40,6,30,40,600,1200,6,1000,1800,3000,15,10000,5400,7400,37,50000
201,Med_Truck_22,STLQCVS,Not Yet,63,Not Yet,2,T264,Liebherr,3.75,600,220,400,174,64,MTU 16V4000 C23R,3100,212,106,145,77,48,46/90R57,35,6,30,40,600,1200,6,1000,1800,3000,15,10000,5400,7400,37,50000
202,Med_Truck_23,NJQTOSG,16-Aug-15,48,255,1,T264,Liebherr,3.75,600,220,400,174,64,MTU 16V4000 C23R,3100,212,106,145,77,48,46/90R57,35,6,30,40,600,1200,6,1000,1800,3000,15,10000,5400,7400,37,50000
203,Med_Truck_24,SNHPCEN,12-Mar-15,68,214,4,T264,Liebherr,3.75,600,220,400,174,64,MTU 16V4000 C23R,3100,212,106,145,77,48,46/90R57,35,6,30,40,600,1200,6,1000,1800,3000,15,10000,5400,7400,37,50000
204,Med_Truck_25,UTPPENX,Not Yet,91,Not Yet,3,860E,Komatsu,3.8,600,250,454,200,64,Komatsu SSDA16V160,4542,227,114,156,84,52,50/80R57,40,6,30,40,600,1200,6,1000,1800,3000,15,10000,5400,7400,37,50000
205,Med_Truck_26,IFKBWOV,24-Aug-12,40,175,4,794AC,Caterpillar,3.7,600,230,390,170,60,Cat C175-16,2840,220,110,150,80,50,50/80R57,40,6,30,40,600,1200,6,1000,1800,3000,15,10000,5400,7400,37,50000
206,Med_Truck_27,SCVPRBN,31-Jul-13,50,195,1,860E,Komatsu,3.8,600,250,454,200,64,Komatsu SSDA16V160,4542,227,114,156,84,52,50/80R57,40,6,30,40,600,1200,6,1000,1800,3000,15,10000,5400,7400,37,50000
207,Med_Truck_28,DKGDJMM,Not Yet,156,Not Yet,1,860E,Komatsu,3.8,600,250,454,200,64,Komatsu SSDA16V160,4542,227,114,156,84,52,50/80R57,40,6,30,40,600,1200,6,1000,1800,3000,15,10000,5400,7400,37,50000
208,Med_Truck_29,UTNMHUX,Not Yet,144,Not Yet,1,794AC,Caterpillar,3.7,600,230,390,170,60,Cat C175-16,2840,220,110,150,80,50,50/80R57,40,6,30,40,600,1200,6,1000,1800,3000,15,10000,5400,7400,37,50000
209,Med_Truck_30,ASXSTFD,26-Feb-15,94,198,4,T264,Liebherr,3.75,600,220,400,174,64,MTU 16V4000 C23R,3100,212,106,145,77,48,46/90R57,35,6,30,40,600,1200,6,1000,1800,3000,15,10000,5400,7400,37,50000
210,Med_Truck_31,LEXTWWO,05-Apr-17,159,191,1,794AC,Caterpillar,3.7,600,230,390,170,60,Cat C175-16,2840,220,110,150,80,50,50/80R57,40,6,30,40,600,1200,6,1000,1800,3000,15,10000,5400,7400,37,50000
211,Med_Truck_32,CVSLJIF,Not Yet,101,Not Yet,3,794AC,Caterpillar,3.7,600,230,390,170,60,Cat C175-16,2840,220,110,150,80,50,50/80R57,40,6,30,40,600,1200,6,1000,1800,3000,15,10000,5400,7400,37,50000
212,Med_Truck_33,JOEIVNE,12-Dec-17,3,259,2,794AC,Caterpillar,3.7,600,230,390,170,60,Cat C175-16,2840,220,110,150,80,50,50/80R57,40,6,30,40,600,1200,6,1000,1800,3000,15,10000,5400,7400,37,50000
213,Med_Truck_34,WMFLNFB,Not Yet,125,Not Yet,4,794AC,Caterpillar,3.7,600,230,390,170,60,Cat C175-16,2840,220,110,150,80,50,50/80R57,40,6,30,40,600,1200,6,1000,1800,3000,15,10000,5400,7400,37,50000
214,Med_Truck_35,RBGCTRA,11-Jul-15,14,181,3,T264,Liebherr,3.75,600,220,400,174,64,MTU 16V4000 C23R,3100,212,106,145,77,48,46/90R57,35,6,30,40,600,1200,6,1000,1800,3000,15,10000,5400,7400,37,50000
215,Med_Truck_36,XDPJOLP,27-Apr-17,53,192,3,T264,Liebherr,3.75,600,220,400,174,64,MTU 16V4000 C23R,3100,212,106,145,77,48,46/90R57,35,6,30,40,600,1200,6,1000,1800,3000,15,10000,5400,7400,37,50000
216,Med_Truck_37,XCQXPCA,12-Oct-13,122,211,2,T264,Liebherr,3.75,600,220,400,174,64,MTU 16V4000 C23R,3100,212,106,145,77,48,46/90R57,35,6,30,40,600,1200,6,1000,1800,3000,15,10000,5400,7400,37,50000
217,Med_Truck_38,BBQXVFB,03-Mar-16,96,252,2,860E,Komatsu,3.8,600,250,454,200,64,Komatsu SSDA16V160,4542,227,114,156,84,52,50/80R57,40,6,30,40,600,1200,6,1000,1800,3000,15,10000,5400,7400,37,50000
218,Med_Truck_39,QSPJDNH,Not Yet,56,Not Yet,3,860E,Komatsu,3.8,600,250,454,200,64,Komatsu SSDA16V160,4542,227,114,156,84,52,50/80R57,40,6,30,40,600,1200,6,1000,1800,3000,15,10000,5400,7400,37,50000
219,Med_Truck_40,VCTGLDH,10-Oct-15,147,202,1,T264,Liebherr,3.75,600,220,400,174,64,MTU 16V4000 C23R,3100,212,106,145,77,48,46/90R57,35,6,30,40,600,1200,6,1000,1800,3000,15,10000,5400,7400,37,50000
220,Med_Truck_41,KHNFBIQ,Not Yet,120,Not Yet,1,T264,Liebherr,3.75,600,220,400,174,64,MTU 16V4000 C23R,3100,212,106,145,77,48,46/90R57,35,6,30,40,600,1200,6,1000,1800,3000,15,10000,5400,7400,37,50000
221,Med_Truck_42,YHJUSME,10-Jan-13,158,219,2,T264,Liebherr,3.75,600,220,400,174,64,MTU 16V4000 C23R,3100,212,106,145,77,48,46/90R57,35,6,30,40,600,1200,6,1000,1800,3000,15,10000,5400,7400,37,50000
222,Med_Truck_43,DEGQLMJ,Not Yet,116,Not Yet,2,794AC,Caterpillar,3.7,600,230,390,170,60,Cat C175-16,2840,220,110,150,80,50,50/80R57,40,6,30,40,600,1200,6,1000,1800,3000,15,10000,5400,7400,37,50000
223,Med_Truck_44,ECQGSGN,29-Jun-14,149,182,4,T264,Liebherr,3.75,600,220,400,174,64,MTU 16V4000 C23R,3100,212,106,145,77,48,46/90R57,35,6,30,40,600,1200,6,1000,1800,3000,15,10000,5400,7400,37,50000
224,Med_Truck_45,XLKHAGN,Not Yet,112,Not Yet,3,T264,Liebherr,3.75,600,220,400,174,64,MTU 16V4000 C23R,3100,212,106,145,77,48,46/90R57,35,6,30,40,600,1200,6,1000,1800,3000,15,10000,5400,7400,37,50000
225,Med_Truck_46,HOVUTTV,19-Feb-14,126,179,3,794AC,Caterpillar,3.7,600,230,390,170,60,Cat C175-16,2840,220,110,150,80,50,50/80R57,40,6,30,40,600,1200,6,1000,1800,3000,15,10000,5400,7400,37,50000
226,Med_Truck_47,UORLFME,Not Yet,11,Not Yet,2,794AC,Caterpillar,3.7,600,230,390,170,60,Cat C175-16,2840,220,110,150,80,50,50/80R57,40,6,30,40,600,1200,6,1000,1800,3000,15,10000,5400,7400,37,50000
227,Med_Truck_48,RWOGIEM,27-Oct-14,57,257,2,T264,Liebherr,3.75,600,220,400,174,64,MTU 16V4000 C23R,3100,212,106,145,77,48,46/90R57,35,6,30,40,600,1200,6,1000,1800,3000,15,10000,5400,7400,37,50000
228,Med_Truck_49,NJIQCWM,Not Yet,95,Not Yet,1,860E,Komatsu,3.8,600,250,454,200,64,Komatsu SSDA16V160,4542,227,114,156,84,52,50/80R57,40,6,30,40,600,1200,6,1000,1800,3000,15,10000,5400,7400,37,50000
229,Med_Truck_50,FNPJSIW,Not Yet,103,Not Yet,4,794AC,Caterpillar,3.7,600,230,390,170,60,Cat C175-16,2840,220,110,150,80,50,50/80R57,40,6,30,40,600,1200,6,1000,1800,3000,15,10000,5400,7400,37,50000
230,Med_Truck_51,RLUJJUJ,14-Oct-14,26,196,1,860E,Komatsu,3.8,600,250,454,200,64,Komatsu SSDA16V160,4542,227,114,156,84,52,50/80R57,40,6,30,40,600,1200,6,1000,1800,3000,15,10000,5400,7400,37,50000
231,Med_Truck_52,VOKUQTX,18-Mar-18,54,220,2,860E,Komatsu,3.8,600,250,454,200,64,Komatsu SSDA16V160,4542,227,114,156,84,52,50/80R57,40,6,30,40,600,1200,6,1000,1800,3000,15,10000,5400,7400,37,50000
232,Med_Truck_53,LCUOTNH,08-Jun-13,93,239,1,794AC,Caterpillar,3.7,600,230,390,170,60,Cat C175-16,2840,220,110,150,80,50,50/80R57,40,6,30,40,600,1200,6,1000,1800,3000,15,10000,5400,7400,37,50000
233,Med_Truck_54,KCTQOET,20-Jul-14,78,161,3,794AC,Caterpillar,3.7,600,230,390,170,60,Cat C175-16,2840,220,110,150,80,50,50/80R57,40,6,30,40,600,1200,6,1000,1800,3000,15,10000,5400,7400,37,50000
234,Med_Truck_55,VYAUXTO,25-Feb-18,98,190,3,T264,Liebherr,3.75,600,220,400,174,64,MTU 16V4000 C23R,3100,212,106,145,77,48,46/90R57,35,6,30,40,600,1200,6,1000,1800,3000,15,10000,5400,7400,37,50000
235,Med_Truck_56,EEYITEB,02-Aug-12,133,236,2,794AC,Caterpillar,3.7,600,230,390,170,60,Cat C175-16,2840,220,110,150,80,50,50/80R57,40,6,30,40,600,1200,6,1000,1800,3000,15,10000,5400,7400,37,50000
236,Med_Truck_57,TSJMQKQ,Not Yet,45,Not Yet,2,794AC,Caterpillar,3.7,600,230,390,170,60,Cat C175-16,2840,220,110,150,80,50,50/80R57,40,6,30,40,600,1200,6,1000,1800,3000,15,10000,5400,7400,37,50000
237,Med_Truck_58,BOHLRRW,01-Jul-15,89,222,3,794AC,Caterpillar,3.7,600,230,390,170,60,Cat C175-16,2840,220,110,150,80,50,50/80R57,40,6,30,40,600,1200,6,1000,1800,3000,15,10000,5400,7400,37,50000
238,Med_Truck_59,TNEWRQM,Not Yet,119,Not Yet,3,T264,Liebherr,3.75,600,220,400,174,64,MTU 16V4000 C23R,3100,212,106,145,77,48,46/90R57,35,6,30,40,600,1200,6,1000,1800,3000,15,10000,5400,7400,37,50000
239,Med_Truck_60,BHIOTNC,25-Jul-15,6,187,1,860E,Komatsu,3.8,600,250,454,200,64,Komatsu SSDA16V160,4542,227,114,156,84,52,50/80R57,40,6,30,40,600,1200,6,1000,1800,3000,15,10000,5400,7400,37,50000
240,Med_Truck_61,RQNXGEO,25-Jun-15,132,248,2,T264,Liebherr,3.75,600,220,400,174,64,MTU 16V4000 C23R,3100,212,106,145,77,48,46/90R57,35,6,30,40,600,1200,6,1000,1800,3000,15,10000,5400,7400,37,50000
241,Med_Truck_62,MPHFCWR,17-May-15,97,170,4,860E,Komatsu,3.8,600,250,454,200,64,Komatsu SSDA16V160,4542,227,114,156,84,52,50/80R57,40,6,30,40,600,1200,6,1000,1800,3000,15,10000,5400,7400,37,50000
242,Med_Truck_63,VECFMLQ,Not Yet,58,Not Yet,1,794AC,Caterpillar,3.7,600,230,390,170,60,Cat C175-16,2840,220,110,150,80,50,50/80R57,40,6,30,40,600,1200,6,1000,1800,3000,15,10000,5400,7400,37,50000
243,Med_Truck_64,OTYURDL,21-Nov-13,46,226,2,T264,Liebherr,3.75,600,220,400,174,64,MTU 16V4000 C23R,3100,212,106,145,77,48,46/90R57,35,6,30,40,600,1200,6,1000,1800,3000,15,10000,5400,7400,37,50000
244,Med_Truck_65,LCRFBFS,04-Nov-15,88,213,1,T264,Liebherr,3.75,600,220,400,174,64,MTU 16V4000 C23R,3100,212,106,145,77,48,46/90R57,35,6,30,40,600,1200,6,1000,1800,3000,15,10000,5400,7400,37,50000
245,Med_Truck_66,CJBCDXY,Not Yet,111,Not Yet,3,794AC,Caterpillar,3.7,600,230,390,170,60,Cat C175-16,2840,220,110,150,80,50,50/80R57,40,6,30,40,600,1200,6,1000,1800,3000,15,10000,5400,7400,37,50000
246,Med_Truck_67,YXQTJVJ,Not Yet,17,Not Yet,1,860E,Komatsu,3.8,600,250,454,200,64,Komatsu SSDA16V160,4542,227,114,156,84,52,50/80R57,40,6,30,40,600,1200,6,1000,1800,3000,15,10000,5400,7400,37,50000
247,Med_Truck_68,PQNSTHA,25-Jun-16,47,251,2,T264,Liebherr,3.75,600,220,400,174,64,MTU 16V4000 C23R,3100,212,106,145,77,48,46/90R57,35,6,30,40,600,1200,6,1000,1800,3000,15,10000,5400,7400,37,50000
248,Med_Truck_69,GKIJRQX,31-May-17,114,261,1,T264,Liebherr,3.75,600,220,400,174,64,MTU 16V4000 C23R,3100,212,106,145,77,48,46/90R57,35,6,30,40,600,1200,6,1000,1800,3000,15,10000,5400,7400,37,50000
249,Med_Truck_70,BAJSCKH,22-Feb-16,86,230,4,794AC,Caterpillar,3.7,600,230,390,170,60,Cat C175-16,2840,220,110,150,80,50,50/80R57,40,6,30,40,600,1200,6,1000,1800,3000,15,10000,5400,7400,37,50000
250,Med_Truck_71,UISVPXU,22-Jun-17,73,168,2,794AC,Caterpillar,3.7,600,230,390,170,60,Cat C175-16,2840,220,110,150,80,50,50/80R57,40,6,30,40,600,1200,6,1000,1800,3000,15,10000,5400,7400,37,50000
251,Med_Truck_72,WPDWLVY,12-Oct-15,13,241,3,860E,Komatsu,3.8,600,250,454,200,64,Komatsu SSDA16V160,4542,227,114,156,84,52,50/80R57,40,6,30,40,600,1200,6,1000,1800,3000,15,10000,5400,7400,37,50000
252,Med_Truck_73,YNREXPJ,28-Sep-12,42,193,3,794AC,Caterpillar,3.7,600,230,390,170,60,Cat C175-16,2840,220,110,150,80,50,50/80R57,40,6,30,40,600,1200,6,1000,1800,3000,15,10000,5400,7400,37,50000
253,Med_Truck_74,IFNSDXY,06-Oct-14,52,199,2,T264,Liebherr,3.75,600,220,400,174,64,MTU 16V4000 C23R,3100,212,106,145,77,48,46/90R57,35,6,30,40,600,1200,6,1000,1800,3000,15,10000,5400,7400,37,50000
254,Med_Truck_75,HEQTPNC,27-Jan-18,124,174,3,860E,Komatsu,3.8,600,250,454,200,64,Komatsu SSDA16V160,4542,227,114,156,84,52,50/80R57,40,6,30,40,600,1200,6,1000,1800,3000,15,10000,5400,7400,37,50000
255,Med_Truck_76,PGNRNMI,Not Yet,30,Not Yet,3,860E,Komatsu,3.8,600,250,454,200,64,Komatsu SSDA16V160,4542,227,114,156,84,52,50/80R57,40,6,30,40,600,1200,6,1000,1800,3000,15,10000,5400,7400,37,50000
256,Med_Truck_77,RRFTWTV,04-Jun-15,77,235,2,794AC,Caterpillar,3.7,600,230,390,170,60,Cat C175-16,2840,220,110,150,80,50,50/80R57,40,6,30,40,600,1200,6,1000,1800,3000,15,10000,5400,7400,37,50000
257,Med_Truck_78,JNPERXW,07-Dec-15,135,256,2,794AC,Caterpillar,3.7,600,230,390,170,60,Cat C175-16,2840,220,110,150,80,50,50/80R57,40,6,30,40,600,1200,6,1000,1800,3000,15,10000,5400,7400,37,50000
258,Med_Truck_79,SOXHMFC,15-Jan-15,141,185,3,T264,Liebherr,3.75,600,220,400,174,64,MTU 16V4000 C23R,3100,212,106,145,77,48,46/90R57,35,6,30,40,600,1200,6,1000,1800,3000,15,10000,5400,7400,37,50000
259,Med_Truck_80,RRTBKLK,Not Yet,10,Not Yet,4,794AC,Caterpillar,3.7,600,230,390,170,60,Cat C175-16,2840,220,110,150,80,50,50/80R57,40,6,30,40,600,1200,6,1000,1800,3000,15,10000,5400,7400,37,50000
260,Med_Truck_85,KGQNULD,28-Oct-16,35,238,4,860E,Komatsu,3.8,600,250,454,200,64,Komatsu SSDA16V160,4542,227,114,156,84,52,50/80R57,40,6,30,40,600,1200,6,1000,1800,3000,15,10000,5400,7400,37,50000
261,Med_Truck_86,XIHOLUN,25-Nov-16,129,167,2,T264,Liebherr,3.75,600,220,400,174,64,MTU 16V4000 C23R,3100,212,106,145,77,48,46/90R57,35,6,30,40,600,1200,6,1000,1800,3000,15,10000,5400,7400,37,50000
262,Med_Truck_87,EUXGVTC,Not Yet,4,Not Yet,3,860E,Komatsu,3.8,600,250,454,200,64,Komatsu SSDA16V160,4542,227,114,156,84,52,50/80R57,40,6,30,40,600,1200,6,1000,1800,3000,15,10000,5400,7400,37,50000
263,Med_Truck_88,NFGTCDK,20-Sep-14,128,227,2,860E,Komatsu,3.8,600,250,454,200,64,Komatsu SSDA16V160,4542,227,114,156,84,52,50/80R57,40,6,30,40,600,1200,6,1000,1800,3000,15,10000,5400,7400,37,50000
264,Med_Truck_89,TKEWFEJ,11-Apr-12,154,171,3,794AC,Caterpillar,3.7,600,230,390,170,60,Cat C175-16,2840,220,110,150,80,50,50/80R57,40,6,30,40,600,1200,6,1000,1800,3000,15,10000,5400,7400,37,50000
265,Med_Truck_90,BVFDGGR,Not Yet,24,Not Yet,3,794AC,Caterpillar,3.7,600,230,390,170,60,Cat C175-16,2840,220,110,150,80,50,50/80R57,40,6,30,40,600,1200,6,1000,1800,3000,15,10000,5400,7400,37,50000
266,Med_Truck_91,CGUJRQD,14-Aug-17,65,218,4,860E,Komatsu,3.8,600,250,454,200,64,Komatsu SSDA16V160,4542,227,114,156,84,52,50/80R57,40,6,30,40,600,1200,6,1000,1800,3000,15,10000,5400,7400,37,50000
267,Med_Truck_92,CARGHMT,06-May-13,139,253,3,T264,Liebherr,3.75,600,220,400,174,64,MTU 16V4000 C23R,3100,212,106,145,77,48,46/90R57,35,6,30,40,600,1200,6,1000,1800,3000,15,10000,5400,7400,37,50000
268,Med_Truck_93,BULLKIW,15-Dec-15,145,194,1,860E,Komatsu,3.8,600,250,454,200,64,Komatsu SSDA16V160,4542,227,114,156,84,52,50/80R57,40,6,30,40,600,1200,6,1000,1800,3000,15,10000,5400,7400,37,50000
269,Med_Truck_94,XPVKEXN,Not Yet,2,Not Yet,3,860E,Komatsu,3.8,600,250,454,200,64,Komatsu SSDA16V160,4542,227,114,156,84,52,50/80R57,40,6,30,40,600,1200,6,1000,1800,3000,15,10000,5400,7400,37,50000
270,Med_Truck_95,QPUQNEK,07-Sep-14,32,169,4,T264,Liebherr,3.75,600,220,400,174,64,MTU 16V4000 C23R,3100,212,106,145,77,48,46/90R57,35,6,30,40,600,1200,6,1000,1800,3000,15,10000,5400,7400,37,50000
271,Med_Truck_96,DVBQPNK,05-Mar-17,137,263,3,860E,Komatsu,3.8,600,250,454,200,64,Komatsu SSDA16V160,4542,227,114,156,84,52,50/80R57,40,6,30,40,600,1200,6,1000,1800,3000,15,10000,5400,7400,37,50000
272,Med_Truck_97,OERYEKN,02-Jan-14,87,160,2,860E,Komatsu,3.8,600,250,454,200,64,Komatsu SSDA16V160,4542,227,114,156,84,52,50/80R57,40,6,30,40,600,1200,6,1000,1800,3000,15,10000,5400,7400,37,50000
273,Med_Truck_98,GRDYGGR,02-Oct-16,20,207,3,T264,Liebherr,3.75,600,220,400,174,64,MTU 16V4000 C23R,3100,212,106,145,77,48,46/90R57,35,6,30,40,600,1200,6,1000,1800,3000,15,10000,5400,7400,37,50000
274,Med_Truck_99,EJMSOJD,Not Yet,70,Not Yet,2,794AC,Caterpillar,3.7,600,230,390,170,60,Cat C175-16,2840,220,110,150,80,50,50/80R57,40,6,30,40,600,1200,6,1000,1800,3000,15,10000,5400,7400,37,50000
275,Med_Truck_100,GTJGKYG,09-Nov-17,71,172,4,860E,Komatsu,3.8,600,250,454,200,64,Komatsu SSDA16V160,4542,227,114,156,84,52,50/80R57,40,6,30,40,600,1200,6,1000,1800,3000,15,10000,5400,7400,37,50000
